sample,light,shaken,height
1,low,no,16.43181709
2,low,no,15.26766755
3,low,no,15.47611041
4,low,no,15.05725347
5,low,no,13.80320342
1,high,no,18.00838504
2,high,no,16.08046667
3,high,no,15.70130134
4,high,no,17.25112713
5,high,no,21.60996934
1,low,yes,12.82883702
2,low,yes,9.411814629
3,low,yes,15.36106818
4,low,yes,10.79058932
5,low,yes,12.43179851
1,high,yes,17.86231163
2,high,yes,17.56887184
3,high,yes,17.47738844
4,high,yes,20.29146164
5,high,yes,19.74944303